epoch,f1,loss
0,0.17627080267179895,1.4033734267968578
1,0.36190087284977795,0.7116176033578502
2,0.5221180364037508,0.512564211781068
3,0.6188983430362741,0.37398369820571387
4,0.6596044401870739,0.287685875061185
5,0.6806605093758746,0.23641432276328486
6,0.6977357408999713,0.19989230648619882
7,0.7049530069768782,0.1730639059489851
8,0.7079337401918048,0.15292625340256366
9,0.7113897351769393,0.1358266817774609
10,0.715744533548722,0.12310996360714127
